

INSERT INTO employee (id_employee, email, name, password, role, status) VALUES ('4028abcf5dc0bff8015dc0c8e6b40000', 'amelly@gmail.com', 'Amelly', 'amelly', 'Employee', 1);
INSERT INTO employee (id_employee, email, name, password, role, status) VALUES ('4028abcf5dc0bff8015dc0c8e6b12345', 'audin@gmail.com', 'audin', 'audin', 'Admin', 1);
INSERT INTO employee (id_employee, email, name, password, role, status) VALUES ('402881955dc2fd28015dc52f8c120000', 'dias@gmail.com', 'Dias', 'dias', 'Employee', 1);


INSERT INTO office (id_office, address, city, name, status, telephone) VALUES ('4028abcf5dc0bff8015dc0cf3fff0001', 'Jalan Tubun', 'Tubun City Metro', 'Kantor Tubun', 1, '0878882311');
INSERT INTO office (id_office, address, city, name, status, telephone) VALUES ('4028abcf5dc0bff8015dc0d14c8b0003', 'Jalan Thamrin City', 'Thamrin City', 'Kantor Thamrin', 1, '089777222');


INSERT INTO room (id_room, capacity, is_conference, is_projector, name, number_extension, status, office_id) VALUES ('4028abcf5dc0bff8015dc0d3ca310004', 20, '1', '1', 'Ruangan Tubun 1', '51111', 1, '4028abcf5dc0bff8015dc0cf3fff0001');
INSERT INTO room (id_room, capacity, is_conference, is_projector, name, number_extension, status, office_id) VALUES ('4028abcf5dc0bff8015dc0d4350d0006', 16, '1', '1', 'Ruangan Tubun 2', '11111', 1, '4028abcf5dc0bff8015dc0cf3fff0001');
INSERT INTO room (id_room, capacity, is_conference, is_projector, name, number_extension, status, office_id) VALUES ('4028abcf5dc0bff8015dc0d512920008', 60, '0', '0', 'Ruangan Tubun 3', '44444', 1, '4028abcf5dc0bff8015dc0cf3fff0001');
INSERT INTO room (id_room, capacity, is_conference, is_projector, name, number_extension, status, office_id) VALUES ('4028abcf5dc0bff8015dc0d59bf5000a', 24, '1', '1', 'Ruangan Thamrin 1', '32232', 1, '4028abcf5dc0bff8015dc0d14c8b0003');
INSERT INTO room (id_room, capacity, is_conference, is_projector, name, number_extension, status, office_id) VALUES ('4028abcf5dc0bff8015dc0d6071d000c', 20, '1', '1', 'Ruangan Thamrin 2', '33333', 1, '4028abcf5dc0bff8015dc0d14c8b0003');
INSERT INTO room (id_room, capacity, is_conference, is_projector, name, number_extension, status, office_id) VALUES ('4028abcf5dc0bff8015dc0d72188000e', 40, '0', '0', 'Ruangan Thamrin 3', '444556', 1, '4028abcf5dc0bff8015dc0d14c8b0003');


INSERT INTO room_image (id_room_image, image_address, image_description, room_id) VALUES ('4028abcf5dc0bff8015dc0d3cddf0005', 'room-acniz-4.jpg', 'Room Image', '4028abcf5dc0bff8015dc0d3ca310004');
INSERT INTO room_image (id_room_image, image_address, image_description, room_id) VALUES ('4028abcf5dc0bff8015dc0d438550007', 'room-Vv8EE-1.jpg', 'Room Image', '4028abcf5dc0bff8015dc0d4350d0006');
INSERT INTO room_image (id_room_image, image_address, image_description, room_id) VALUES ('4028abcf5dc0bff8015dc0d516360009', 'room-ZNniH-4.jpg', 'Room Image', '4028abcf5dc0bff8015dc0d512920008');
INSERT INTO room_image (id_room_image, image_address, image_description, room_id) VALUES ('4028abcf5dc0bff8015dc0d5a124000b', 'room-GVhJ7-4.jpg', 'Room Image', '4028abcf5dc0bff8015dc0d59bf5000a');
INSERT INTO room_image (id_room_image, image_address, image_description, room_id) VALUES ('4028abcf5dc0bff8015dc0d60c76000d', 'room-Asa1u-4.jpg', 'Room Image', '4028abcf5dc0bff8015dc0d6071d000c');
INSERT INTO room_image (id_room_image, image_address, image_description, room_id) VALUES ('4028abcf5dc0bff8015dc0d724b7000f', 'room-wP6Mw-Etude-House-Logo-vector-image.png', 'Room Image', '4028abcf5dc0bff8015dc0d72188000e');


INSERT INTO booking (id_booking, added_date, booking_ticket, date_meeting, description, end_time, pic_contact, special_request, start_time, status, subject, employee_id, room_id) VALUES ('4028abcf5dc0eda1015dc0f0c2860001', '2017-08-08', 'BOOK-2', '2017-08-31', 'Booking Ruangan Tubun 1 (extend)', '10:00:00', 'Pak Pak', 'Minuman', '09:01:00', 1, 'meeting', '4028abcf5dc0bff8015dc0c8e6b40000', '4028abcf5dc0bff8015dc0d3ca310004');
INSERT INTO booking (id_booking, added_date, booking_ticket, date_meeting, description, end_time, pic_contact, special_request, start_time, status, subject, employee_id, room_id) VALUES ('402809e55dc190bd015dc19181350001', '2017-08-08', 'BOOK-6', '2017-08-31', 'Booking Ruangan Tubun 1 (extend)', '09:00:00', 'Pak Pak', 'Minuman', '09:01:00', 0, 'meeting', '4028abcf5dc0bff8015dc0c8e6b40000', '4028abcf5dc0bff8015dc0d3ca310004');
INSERT INTO booking (id_booking, added_date, booking_ticket, date_meeting, description, end_time, pic_contact, special_request, start_time, status, subject, employee_id, room_id) VALUES ('402809e55dc190bd015dc191436c0000', '2017-08-08', 'BOOK-5', '2017-08-31', 'Booking Ruangan Tubun 1 (extend)', '09:00:00', 'Pak Pak', 'Minuman', '09:01:00', 0, 'meeting', '4028abcf5dc0bff8015dc0c8e6b40000', '4028abcf5dc0bff8015dc0d3ca310004');
INSERT INTO booking (id_booking, added_date, booking_ticket, date_meeting, description, end_time, pic_contact, special_request, start_time, status, subject, employee_id, room_id) VALUES ('4028abcf5dc13aca015dc13db9db0001', '2017-08-08', 'BOOK-4', '2017-08-31', 'Booking Ruangan Tubun 1 (extend) (extend)', '11:00:00', 'Pak Pak', 'Minuman', '10:01:00', 0, 'meeting', '4028abcf5dc0bff8015dc0c8e6b40000', '4028abcf5dc0bff8015dc0d3ca310004');
INSERT INTO booking (id_booking, added_date, booking_ticket, date_meeting, description, end_time, pic_contact, special_request, start_time, status, subject, employee_id, room_id) VALUES ('4028abcf5dc13aca015dc13c86270000', '2017-08-08', 'BOOK-3', '2017-08-31', 'Booking Ruangan Tubun 1 (extend)', '09:00:00', 'Pak Pak', 'Minuman', '09:01:00', 0, 'meeting', '4028abcf5dc0bff8015dc0c8e6b40000', '4028abcf5dc0bff8015dc0d3ca310004');
INSERT INTO booking (id_booking, added_date, booking_ticket, date_meeting, description, end_time, pic_contact, special_request, start_time, status, subject, employee_id, room_id) VALUES ('402881955dc27b69015dc2837f680000', '2017-08-08', 'BOOK-7', '2017-08-31', 'Booking Ruangan Tubun 1 (extend) (extend)', '11:00:00', 'Pak Pak', 'Minuman', '10:01:00', 1, 'meeting', '4028abcf5dc0bff8015dc0c8e6b40000', '4028abcf5dc0bff8015dc0d3ca310004');
INSERT INTO booking (id_booking, added_date, booking_ticket, date_meeting, description, end_time, pic_contact, special_request, start_time, status, subject, employee_id, room_id) VALUES ('4028abcf5dc0eda1015dc0efc4f20000', '2017-08-08', 'BOOK-8', '2017-08-31', 'Booking Ruangan Tubun 1', '10:00:00', 'Pak Pak', 'Minuman', '09:00:00', 1, 'meeting', '4028abcf5dc0bff8015dc0c8e6b40000', '4028abcf5dc0bff8015dc0d4350d0006');
INSERT INTO booking (id_booking, added_date, booking_ticket, date_meeting, description, end_time, pic_contact, special_request, start_time, status, subject, employee_id, room_id) VALUES ('402881955dc2fd28015dc53378060001', '2017-08-09', 'BOOK-8', '2017-08-26', 'Test book kantor tubun 1', '10:00:00', '0899999', 'Minuman dingin', '09:00:00', 0, 'Meeting kantor Tubun 1', '402881955dc2fd28015dc52f8c120000', '4028abcf5dc0bff8015dc0d3ca310004');
INSERT INTO booking (id_booking, added_date, booking_ticket, date_meeting, description, end_time, pic_contact, special_request, start_time, status, subject, employee_id, room_id) VALUES ('402881955dc2fd28015dc5348e6e0002', '2017-08-09', 'BOOK-9', '2017-08-25', 'Coba Extend', '12:00:00', 'Extend', 'Minuman', '10:00:00', 1, 'Extend', '402881955dc2fd28015dc52f8c120000', '4028abcf5dc0bff8015dc0d3ca310004');
INSERT INTO booking (id_booking, added_date, booking_ticket, date_meeting, description, end_time, pic_contact, special_request, start_time, status, subject, employee_id, room_id) VALUES ('402881955dc2fd28015dc53532f00003', '2017-08-09', 'BOOK-11', '2017-08-25', 'Coba Extend (extend)', '13:00:00', 'Extend', 'Minuman', '11:00:00', 1, 'Extend', '402881955dc2fd28015dc52f8c120000', '4028abcf5dc0bff8015dc0d4350d0006');
